Data Import Template,,,,,,,,,,,,,,,,,,
Table:,Supplier,,,,,,,,,,,,,,,,,
,,,,,,,,,,,,,,,,,,
,,,,,,,,,,,,,,,,,,
Notes:,,,,,,,,,,,,,,,,,,
Please do not change the template headings.,,,,,,,,,,,,,,,,,,
First data column must be blank.,,,,,,,,,,,,,,,,,,
"If you are uploading new records, leave the ""name"" (ID) column blank.",,,,,,,,,,,,,,,,,,
"If you are uploading new records, ""Naming Series"" becomes mandatory, if present.",,,,,,,,,,,,,,,,,,
Only mandatory fields are necessary for new records. You can delete non-mandatory columns if you wish.,,,,,,,,,,,,,,,,,,
"For updating, you can update only selective columns.",,,,,,,,,,,,,,,,,,
You can only upload upto 5000 records in one go. (may be less in some cases),,,,,,,,,,,,,,,,,,
,,,,,,,,,,,,,,,,,,
DocType:,Supplier,,,,,,,,,,,,,,,,~,~
Column Labels:,ID,Supplier Name,Supplier Group,Supplier Type,Country,Billing Currency,Website,Is Frozen,ContactName,Phone,Fax,Email,Address1,Address2,City,State,,
Column Name:,name,supplier_name,supplier_group,supplier_type,country,default_currency,website,is_frozen,contactname,phone,fax,email,address1,address2,city,state,~,~
Mandatory:,Yes,Yes,Yes,Yes,No,No,No,No,No,No,No,No,No,No,No,No,,
Type:,Data,Data,Link,Select,Link,Link,Data,Check,Data,Data,Data,Data,Long Text,Long Text,Data,Data,,
Info:,,,Valid Supplier Group,"One of: Company, Individual",Valid Country,Valid Currency,,0 or 1,,,,,,,,,,
Start entering data below this line,,,,,,,,,,,,,,,,,,
,, MAXMAT ,All Supplier Groups,Company,FRANCE,NGN,,, MAXMAT ,+33 4 67 60 20 00  ,+33 4 67 60 21 01           ,,- 290 rue Alfred Nobel - 34000 Montpellier - France,- 290 rue Alfred Nobel - 34000 Montpellier ,,,,
,,77 Elektronika Kft.,All Supplier Groups,Company,FRANCE,NGN,http://www.e77.hu/,,Roland Tjamla Banack( Export Sales Manager ),+36-1-206-1480,+36-1-206-1481 ,tbanack@e77.hu,"1116 Budapest, Fehérvári út.98.",,HUNGARY,,,
,,ABBOTT POINT OF CARE,All Supplier Groups,Company,FRANCE,NGN,https://www.abbottpointofcare.com/,,ABBOTT POINT OF CARE,,,,"104 Windsor Center Drive, East Windsor, NJ 08520","104 Windsor Center Drive, East Windsor, NJ 08520",,,,
,,ABUL MARUF AMZAT,All Supplier Groups,Company,FRANCE,NGN,,,ABUL MARUF AMZAT,8050699403,,,"AREA 2, GARKI",,Garki ,FCT,,
,,Adaltis S.r.l.,All Supplier Groups,Company,FRANCE,EUR,www.adaltis.net,,Luisa Colacurto,+39 0774 579366,+39 0774 353085,luisa.colacurto@adaltis.net,"Via Luigi Einaudi, 7
00012 ","Guidonia Montecelio (Rome) –
Italy",,,,
,,AGBL,All Supplier Groups,Company,FRANCE,NGN,,,AGBL,,,,DUBAI,DUBAI,,,,
,,AGU FRANCIS,All Supplier Groups,Company,FRANCE,NGN,,,8032860851,,,,"SHOP 447 P1 LINE A-CLOSE, DEDE MARKET ABUJA",,Abuja,FCT,,
,,ALERE TECHNOLOGIES GMBH,All Supplier Groups,Company,FRANCE,NGN,www.AlereHIv.com,,ALERE TECHNOLOGIES GMBH,,,,"Loebstedter Str,103-105,D-07749 Jina Germany","Loebstedter Str,103-105,D-07749 Jina German",Jina,,,
,,ALFA NIG. ENTERPRISES,All Supplier Groups,Company,FRANCE,NGN,,,David,8039271956,,, Blue container@container garage                            ,"back of Arab Contractor Building,",Utako,FCT,,
,,ALLIANCE GLOBAL,All Supplier Groups,Company,FRANCE,NGN,,,ALLIANCE GLOBAL,,,mbenmarzouk@agbl.net,"1016 , CONCORD TOWERS",,DUBAI MEDIA CITY,,,
,,ALLIANCE GLOBAL FZ-LLC (AGBL),All Supplier Groups,Company,FRANCE,USD,  http://www.agbl.net,,Mohamed Ben Marzouk,+216 71 960 687 , +216 71 960 689,mbenmarzouk@agbl.net,"Rue Du Lac Constance, Résidence ""les 2 Lacs",""", Bloc 10, Escalier 2. Appart 206 Les Berges du Lac 1053 Tunis",,,,
,,Andreas Hettich GmbH & Co KG ,All Supplier Groups,Company,FRANCE,NGN,,, 'Hermann Ilona',+49 7461 7051166 ,,,Andreas Hettich GmbH & Co KG ,Föhrenstrasse 12 ,D-78532 Tuttlingen ,,,
,,APDIA,All Supplier Groups,Company,FRANCE,EUR,www.apdiagroup.com,,"Kristien Bogaert
,Pascale verstappen",+32 14 45 35 99,"
+32 14 81 29 45 ","Kristien.Bogaerts@apdia.be
Pascale.Verstappen@apdia.be",ADVANCED PRACTICAL DIAGNOSTICS BVBA,"Raadsherenstraat 3 | B-2300 Turnhout, Belgium",,,,
,,APEL,All Supplier Groups,Company,FRANCE,NGN,,,APEL,,,,Address Address,germany,,,,
,,APEL CO.LTD,All Supplier Groups,Company,FRANCE,USD,http://www.apel.co.jp/,,Kana Tamura(MS.),+81-48-280-3055,+81-48-283-5045,sales@apel.co.jp,"951, Angyouryou Negishi Kawaguchi, ","Saitama, 333-0834, Japan",,,,
,,ARIBEN LIMITED,All Supplier Groups,Company,FRANCE,NGN,,,ARIBEN,+234(80)33577229,,ba_ariben@yahoo.com,"Suite 128, lozumba commercial complex","Area 10, Garki,",Abuja,,,
,,ARTRON,All Supplier Groups,Company,FRANCE,NGN,,,,,,,,,,,,
,,Astra Instruments Limited,All Supplier Groups,Company,FRANCE,NGN,,,THERESA ADELABU,8036206243,,astrainstruments2@gmail.com,"50/52 TOYIN STREET,",P.O BOX 15960 ,Ikeja,Lagos,,
,,ATOM SCIENTIFIC LIMITED,All Supplier Groups,Company,FRANCE,NGN,ENQUIRES@ATOMSCIENTIFIC.COM,,Joanne Matthews,0161 366 5123 ,01704 337167       ,rowexport@atomscientific.com,UNIT 2B EAST BUSINESS PARK,REXCINE WAY HYDE,CHESHIRE,,,
,,"Autobio Diagnostics Co., Ltd",All Supplier Groups,Company,FRANCE,USD,,,Leo Yang,+86-13526828037,,Yanglisheng@autobio.com.cn,"No. 87 Jingbei Yi Road, ",National Eco & TeC Development Area.,Zhengzhou,,,
,,AVISHKAR INTERNATIONAL PVT.LTD,All Supplier Groups,Company,FRANCE,NGN,www.avishkar.com,,AVISHKAR INTERNATIONAL PVT.LTD,,,info@avishkar.com,"Ghia Building,Ground Floor,119/123 princess Street,Mumbai","Ghia Building,Ground Floor,119/123 princess Street,Mumba",Mumbai,Mumbai,,
,,AVISHKAR INTERNATIONAL PVT.LTD.,All Supplier Groups,Company,FRANCE,USD,,,,91-22-22011074,91-22-22067771,avishkar@vsnl.com,"GHIA BUILDING, GROUND FLOOR,","119/123, PRINCESS STREET,",MUMBAI- 400 002,,,
,,AXIOM,All Supplier Groups,Company,FRANCE,NGN,,,Axiom ,,,,Address Address,lagos,,,,
,,AZEEZ ADETIBA,All Supplier Groups,Company,FRANCE,NGN,,,AZEEZ ADETIBA,8054668442,,,PLOT 50,LAGOS STREET,Garki ,FCT,,
,,BANJ MEDICAL SUPPLIES,All Supplier Groups,Company,FRANCE,USD,www.banj.com,,MR Andrew John,8123418789,8123418789,andrewjohn@banj.com,"Plot 1129, Image Street","Medical Zone, UJI",Maitama,Fct,,
,,BAUR BIOMEDICAL ELECTRONICS,All Supplier Groups,Company,FRANCE,NGN,,,BAUR BIOMEDICAL ELECTONICS,+49-651-99565466 ,+ 49-651-99565467,,"Schweringstr. 17, 54294, Trier, Germany.","Schweringstr. 17, 54294, Trier",,,,
,,BD,All Supplier Groups,Company,FRANCE,USD,www.europe.bd.com,,Toni Fels,+233 302 769692,+233 302 769692,toni_fels@europe.bd.com,"Suite 501, 5th Floor","
Adwoa Adejeiwoa Building, Osu Oxford Street, ",Accra,,,
,,BECKMAN COULTER INC,All Supplier Groups,Company,FRANCE,NGN,,,BECKMAN COULTER INC,,,bcegolden@beckman.com,"22,RUEJUSTE-OLIVE,CASE POSTALE1059",1260 NYON I.SWIIZERLAND.,,,,
,,Beckman Coulter South Africa,All Supplier Groups,Company,FRANCE,USD,www.beckman.com,,Chantal A Dickenson,"+27 (0)11 564 3000
",+27 (0)11 315 5332,mmawela@beckman.com,"Stand 1A Growthpoint Business Park
Tonnetti Street, Halfway House, 1685","P.O. Box 1949, Halfway House, 1685
Johannesburg",,,,
,,BIOBASE Group,All Supplier Groups,Company,FRANCE,USD,www.biobase.cc,,Ray Liu,+86-531-55697994,+86-531-55697994,sales16@biobase.cc,"No.51 South Gongye Road, Jinan,
Shandong, China",,CHINA,,,
,,Biogenex Laboraiories inc.,All Supplier Groups,Company,FRANCE,USD, info@biogenex.com,,Roopa S,917330999626,"1-(510)824-1490,",roopa.s@biogenex.com,49026 Milmont Drive,"Fremont, CA 94538, ",,,,
,,BIOLYTE,All Supplier Groups,Company,FRANCE,NGN,,,,,,,,,,,,
,,BIOMERIEUX,All Supplier Groups,Company,FRANCE,EUR,http://www.biomerieux.com/,,Charles Sokei (area buisness manager),+234 803 564 5164 ,+234 908 744 0239,charles.sokei@ext.biomerieux.com,5 rue des Aqueducs – 69290,,CRAPONNE,,,
,,BIORAPID DIAGNOSTIC NIG LTD,All Supplier Groups,Company,FRANCE,NGN,,,MR IYKE ,8037259813,,,"NO 92 ABUJA-KEFFI EXPRESS WAY,","SHARP CONNER, ",MARARABA,ABUJA,,
,,BIOTA GRUP SAGLIK SISTEMLERI SAN.TIC.LTD.STI.,All Supplier Groups,Company,FRANCE,USD,http://www.biota.com.tr/,,Mehmet KAHRAMAN ,+90 212 248 52 64-65 ,+90 212 291 28 65,mehmet.kahraman@biota.com.tr,Izzetpasa Mah. Vefa Poyraz Cad.,No:5/5 Sisli,Istanbul,,,
,,BOSCH BIOMEDICAL,All Supplier Groups,Company,FRANCE,NGN,,,,,,,,,,,,
,,CAPP,All Supplier Groups,Company,FRANCE,NGN,www.capp.dk ,,Rahul Lalchandani ,+45 6613 6140 ,+45 6613 2770,,,DENMARK,,,,
,,CAPP PIPETTE,All Supplier Groups,Company,FRANCE,NGN,,,,,,,,,,,,
,,Celitron Medical Technologies Kft.,All Supplier Groups,Company,FRANCE,USD,http://www.celitron.com/,,Lajos Nemeth,+36 70 421 3964 ,+36 27 412 611,lajos.nemeth@celitron.com,"Szent László út 36, Vác H-2600,",,,,,
,,CELTIC MOLECULAR DIAGNOSTIC (PT),All Supplier Groups,Company,FRANCE,USD,,,GARETH HUGHES,+27 21 762 7703,,,P.O BOX 13674 ,MOWBRAY .,,,,
,,Cepheid HBDC SAS,All Supplier Groups,Company,FRANCE,USD,,,Frédéric Lemé,0033 563825300,0033 563825301,Contact                           ordershbdc@cepheidhbdc.com ,Vira Solelh 81470 MAURENS-SCOPONT ,,PARIS,,,
,,cephid,All Supplier Groups,Company,FRANCE,NGN,,,,,,,,,,,,
,,COMEN MEDICAL,All Supplier Groups,Company,FRANCE,NGN,,,COMEN MEDICAL,,,,Address Address,COMEN,,,,
,,Convergent Technologies GmbH & Co. KG,All Supplier Groups,Company,FRANCE,NGN,www.convergent-technologies.de,,Markus Slonka,+49 6421 88699 48,+49 6421 88699 58,info@convergent-technologies.de,"
Ringstrasse 14 35091",,Cölbe ,,,
,,Corning Limited l Life Sciences ,All Supplier Groups,Company,FRANCE,NGN,,,Keegan Pereira,+44(0)7740 842 795,,,"Elwy House, Lakeside Business Village l St David’s Park l Ewloe, Flintshire CH5 3XD.",,,,,
,,Creative Supply Solutions Ltd,All Supplier Groups,Company,FRANCE,NGN,nigel@creativesupplysolutions.co.uk,,Daniel UGWONALI ,8037241171,+44 161 425 8443,winnidintlservices@gmail.com,"Earl Mill, Dowry Street, Oldham, Manchester",OL82PF,,,,
,,David Anih Welder,All Supplier Groups,Company,FRANCE,NGN,,,David Anih,8029119410,,,"GUDU MARKET, APO",,Abuja,FCT,,
,,DEA,All Supplier Groups,Company,FRANCE,NGN,,,DEA,,,,Address Address,CHINA,,,,
,,DEUTCH SCAN,All Supplier Groups,Company,FRANCE,NGN,,,DEUTCH SCAN,,,,Address Address,DEITCH,,,,
,,DIAGON LTD.,All Supplier Groups,Company,FRANCE,EUR,www.diagon.com,,Dora Izinger,+36 1 688 1876 /113,(+36 ) 1 369 6301,Kiss Ildikó [ikiss@diagon.com] Izinger Dóra [dizinger@diagon.com],"Hungary
1047 Budapest, Baross Str. 48-52",,,,,
,,DIAPETTE,All Supplier Groups,Company,FRANCE,NGN,,,DIAPETTE,,,,Address Address,GERMANY,,,,
,,Diasource ImmunoAssays® S.A.,All Supplier Groups,Company,FRANCE,EUR,www.diasource.be,,Aziza El-Bouyahyaoui,"+33 6 37 19 84 52, +32 10 84 19 84 52",+32 (0)10 84 99 90,customer.service@diasource.be/aziza.elmahdaoui@diasource.be,Rue du Bosquet 2 - B-1348 Louvain- La-Neuve,,,,,
,,DIASPECT MEDICAL GmbH (EKF),All Supplier Groups,Company,FRANCE,EUR,,,Jennifer Ahrends,4939203511197,,Jennifer.Ahrends@ekf-diagnostic.de,Ebendorfer Chaussee 3 — 39179 ,,BARLEBEN,,,
,,DIESSE DIAGNOSTICS,All Supplier Groups,Company,FRANCE,EUR,http://www.diesse.it/,,KEMAL BOZKURT(EXPORT AREA MANAGER),+ 90532 576 3737,,kemalbozkurt@diesse.it,DIESSE DIAGONOSTICA ,SENESE S.P.A,,,,
,,Digital Thermometer,All Supplier Groups,Company,FRANCE,NGN,,,,,,,,,,,,
,,DRS,All Supplier Groups,Company,FRANCE,NGN,,,DRS,,,,CENTER VEN SPA VIA TOMASEO 77.3513,,PADOVA,,,
,,DWF AIR SERVICE,All Supplier Groups,Company,FRANCE,EUR,www.dwf-airservice.com,,Janine Lobig,+49 (0) 6107-985835,+49 (0) 6107-9858-19,j.loebig@dwf-airservice.de,Morfelder Strasse 111,D-65451 Kelsterbach,,,,
,,EDAN INSTRUMENTS INC,All Supplier Groups,Company,FRANCE,USD,,,MR JACKY,+86.755.26831715,+86.755.26898330,JACKY.ZHOU@EDAN.COM.CN,"3/F-B NANSHAN MEDICAL EQUIPMENTS PARK,1019 NANHI RD SHENZHEN CHINA",,Shenzhen, P.R.China,,
,,ELCON,All Supplier Groups,Company,FRANCE,NGN,,,ELCON,,,,Address Address,ITALLY,,ITALLY,,
,,Elitech Distribution (Reagents),All Supplier Groups,Company,FRANCE,EUR,www.elitechgroup.com,,Odile Chandavoine,+33 2 33 81 21 10,+33 2 33 28 77 51,o.chandavoine@elitechgroup.com,"Zone Industrill,61500",SEES- France,,,,
,,Elitech Group B.V (Instruments/spare parts),All Supplier Groups,Company,FRANCE,EUR,www.elitechgroup.com,,Anneke te Winkel,+31 313 430 577,+31 313 427 807,"a.tewinkel@elitechgroup.com
sales.ecsnl@elitechgroup.com","Van Rensselaerweg4, 6956AV
",Spankeren,,,,
,,EMCELJ GLOBAL SERVICES LIMITED,All Supplier Groups,Company,FRANCE,NGN,,,EMCELJ GLOBAL SERVICES,8030458459,,,SHOP NO 72 CONNER SHOP,DEI-DEI INT'L BUILDING MATERIAL MARKET,Abuja,NIGERIA,,
,,EPPENDORT  AG,All Supplier Groups,Company,FRANCE,EUR,www.eppendorf.com,,KUSHAGRA MOHAN,+49(0)40.538 010,+49(0) 40. 53801556,Mohan.K@eppendorf.co.in,"Barkhausenweg l,22339 Hamburge.",postanschrift 22331.,Hamburg,,,
,,ERMA INC.,All Supplier Groups,Company,FRANCE,USD,www.erma.co.jp,,Hisao Nakashima,+81-3-3818-6281,+81-3-3813-7301,h-nakashima@erma.co.jp,"
2-31-6 Yushima,Bunkyo-ku", Tokyo 113-0034 Japan.,Tokyo,,,
,,ESCHWEILER GMBH & CO. KG,All Supplier Groups,Company,FRANCE,NGN,,,ESCHWEILER GMBH & CO. KG,+ 49-43-546580 ,+ 49-43-549423,,"Holzkoppelweg 35, 24118, Kiel, Germany","Holzkoppelweg 35, 24118",Kiel,,,
,,EUMED,All Supplier Groups,Company,FRANCE,NGN,,,EUMED,,,,Address Address,GERMANY,,,,
,,F.L. MEDICAL S.R.L,All Supplier Groups,Company,FRANCE,NGN,www.flmedical.com,,"Cristina APICELLA Export Department
Assistance",+39 049 5211475,+39 049 5212566,cristina.apicella@flmedical.com," Unipersonale
Via Enrico Mattei","20
35038 Torreglia",Padova,,,
,,Fine Care,All Supplier Groups,Company,FRANCE,NGN,,,,,,,,,,,,
,,FORTRESS DIAGNOSTICS,All Supplier Groups,Company,FRANCE,NGN,www.fortressdiagnostics.com,,FORTRESS DIAGNOSTICS,+44 (0) 2894 487676, +44 (0) 2894 469933,info@fortressdiagnostics.com,Fortress Diagnostics Limited Unit,"2C Antrim Technology Park, Antrim, BT41 1QS",,,,
,,FRIDAY AWAH,All Supplier Groups,Company,FRANCE,NGN,,,FRIDAY AWAH,8033527352,,,"No. 9 Ahmadu belo Way by Ibrahim Waziri Crescent, ","Gudu, Apo",Abuja,FCT,,
,,G.WINDOWS MEDICAL SUPPLIES LIMITED,All Supplier Groups,Company,FRANCE,NGN,,,G.WINDOWS,8089336309,,,NO.7 MEGGA STREET,OPPOSITE DAWAKI MODERN MARKET,DAWAKI,ABUJA,,
,,GAMED ENTERPRISES,All Supplier Groups,Company,FRANCE,NGN,,,GABRIEL IBE .C,8030568932,,,"64 JEWEL STREET, KUBWA ",,FCT,ABUJA,,
,,GE HEAITHCARE DIAGNOSTIC  IMAGING,All Supplier Groups,Company,FRANCE,NGN,,,GE HEAITHCARE DIAGNOSTIC  IMAGING,,,,"Coolidge House, 352 Buckingham Avenue",Slough SL1 4ER,,,,
,,GENESIG,All Supplier Groups,Company,FRANCE,NGN,,,GENESIG,,,,SOUTH HAMPTON,,,,,
,,GENESIG REAGENT,All Supplier Groups,Company,FRANCE,NGN,,,,,,,,,,,,
,,"Genrui Biotech Inc.
(LABJENIKS Q-LYTE)",All Supplier Groups,Company,FRANCE,USD,www.genrui-bio.com,,"Camphor Zhong 
",+86  755  26835560   Ext:8024,+86 755 26678789 ,camphor@genrui-bio.com,"6F,   Shanshui   Building   B,
Nanshan  Yungu  Innovation  Industrial Park,","
1183   Liuxian  Blvd,  Nanshan  District,
518055",Shenzhen, P.R.China,,
,,Gesan,All Supplier Groups,Company,FRANCE,NGN,,,,,,,,,,,,
,,Giesse Diagnostics,All Supplier Groups,Company,FRANCE,USD,"www.giessediagnostics.co
m",,"Margherita Matichecchia
Isabel Patti",39.0774051101,390774051100,"administration@giessediagnostics.com
commercial@giessediagnostics.com","Via Enrico Fermi, 3 (Z.I. Via Tiburtina
Km.18,300)","00012 GUIDONIA MONTECELIO
(RM)-ITALY",,,,
,,GOODAY INVESTMENT(,All Supplier Groups,Company,FRANCE,NGN,,,CHUKWUMA EZIKE(A.K.A OJIEGO),7037387040,,,SHOP A3,NEIGHBOUR HOOD CENTER,"WUSE, ZONE 3",FCT,,
,,"Guangdong Biolight Meditech Co.,Ltd.",All Supplier Groups,Company,FRANCE,USD, http://en.blt.com.cn/,,Mr. Mark(Sales/Marketing Manager),+86-18666-933358       ,+86-756-3399911,mark <mark@blt.com.cn>,"Innovation first road,","technology innovation coast,","Zhuhai,China.",,,
,,"GUANGZHOU WONDFO BIOTECH CO., LTD",All Supplier Groups,Company,FRANCE,USD,http://www.wondfo.com.cn/en/,,David Ye (Regional Sale manager of West Africa),0086 20 32296082,0086 20 32296062,david@wondfo.com.cn,"No.8 Lizhishan Road,Scientific City, ","Luogang District, Guangzhou 510663, ",Shenzhen, P.R.China,,
,,H- MEDIX PHARMACY ABUJA,All Supplier Groups,Company,FRANCE,NGN,,,,9087247809,,,AHMADU BELLO WAY,,Abuja,ABUJA,,
,,HAEMONETIC,All Supplier Groups,Company,FRANCE,NGN,,,HAEMONETIC,,,,USA,USA,,,,
,,Haemotec (Pty) Ltd,All Supplier Groups,Company,FRANCE,USD,www.haemotec.co.za,,"Morne Toms, 
Lynne Blanshard",+27 (0)11 452 9400,+27 (0)11 609 8603,morne@haemotec.co,"Southdale Shopping Centre, Alamein
Street","Southdale, Johannesburg, South Africa",,,,
,,Hawksly,All Supplier Groups,Company,FRANCE,NGN,,,,,,,,,,,,
,,hemotec,All Supplier Groups,Company,FRANCE,NGN,,,,,,,,,,,,
,,Hettish Lab Technology,All Supplier Groups,Company,FRANCE,NGN,www.hettichlab.com,,Corinna Hellstern,"+49 (0) 7461 705-1200
",+49 (0) 7461 705-1125,Corinna.Hellstern@hettichlab.com,"Beteiligungs- und
Verwaltungs GmbH · Sitz Tuttlingen ·
Amtsgericht Stuttgart HRB 451209 · Geschäftsführer: Klaus-Günter Eberle
· USt-IdNr. DE142930419",Andreas Hettich GmbH & Co.KG · Sitz Tuttlingen · Amtsgericht Stuttgart HRA 450063 · Persönlich haftende Gesellschaft Hettich Holding ,,,,
,,Homedics Group Ltd,All Supplier Groups,Company,FRANCE,NGN,,,Homedics Group Ltd,,,service@homedics.co.uk,Homedics Group Ltd.PO BOX 460,"Tonbridge,Kent TN9 9EW",Kent,,,
,,ILLUMINA,All Supplier Groups,Company,FRANCE,NGN,,,ILLUMINA,,,,Address Address,USA,,,,
,,INTEGRATED LAB TRADING LLC,All Supplier Groups,Company,FRANCE,NGN,,,JOHNNIE ALLOTEY,97155382093,,john.allotey@integrated-lab.com,"Suite 2304,Damac XL Tower",,U.A.E,,,
,,INTERLAB,All Supplier Groups,Company,FRANCE,NGN,,,,,,,,,,,,
,,ISN PRODUCTS (NIG)LTD,All Supplier Groups,Company,FRANCE,NGN,,,NNEKA,8136729668,,,"No.17, Abeokuta Street,","Area 8, Garki",Abuja,,,
,,ISOLAB LABORATORY GMBH,All Supplier Groups,Company,FRANCE,EUR,,,Pınar YILDIRIM (Ms),+90 533 150 25 19, +90 212 798 21 59 ,pinar.yildirim@interlab.com.tr,Ömerli Mah. Hadımköy – İstanbul Cad ,No: 189 Arnavutköy 34555 / İstanbul ,TURKEY,,,
,,Katchey Company Limited (the science of life),All Supplier Groups,Company,FRANCE,NGN,,,Okoroji Sylvia,8038708978,,Sylvia Okoroji <sylviaokorojik16@gmail.com>,"26, Odanye Close, Harmony Enclave,26, Odanye Close, Harmony Enclave, Adeniyi Jones",Adeniyi Jones.,",Lagos Nigeria ",,,
,,KERN,All Supplier Groups,Company,FRANCE,NGN,,,KERN,,,,GERMANY,GERMANY,,,,
,,KICCON ENGINEERING LTD,All Supplier Groups,Company,FRANCE,NGN,,,,8067637795,,,PLOT 784A HERBERT MARCURLY WAY CBD ABUJA,,Abuja,FCT,,
,,KING SCIENCE WARE NIGERIA LTD,All Supplier Groups,Company,FRANCE,NGN,,,MR KINGSLEY,"08033144918, 07028135236",,kingsok1@gmail.com,,,,,,
,,KINGS SCIENCE WARES NIGERIA LTD,All Supplier Groups,Company,FRANCE,NGN,,,MR KINGSLEY,8033144918,,,"Suite 104, Garachi Plaza, No.11, Maputo Street, Opp. Netpost Office Zone 3, Wuse, FCT, Abuja ","No.11, Maputo Street, Opp. Netpost Office Zone 3",Abuja,,,
,,KYOWA OPTICS,All Supplier Groups,Company,FRANCE,NGN,,,KYOWA OPTICS,,,,JAPAN,JAPAN,,,,
,,LAB 21 HEALTH CARE,All Supplier Groups,Company,FRANCE,GBP,www.lab21.com,,"Martin Shaw, Kelly winton",+44(0) 1308 421829,+44 (0) 1308 421846,"martin.shaw@lab21.com, Kelly.Winton@lab21.com",Unit 29 Dreadnought Trading Estate,"Bridpot, Dorset DT6 5BU",,,,
,,LABJENIKS,All Supplier Groups,Company,FRANCE,NGN,www.geniusmedica.com,,Camphor Zhong,+86 755 26835560 Ext:8024,+86 755 26678789,camphor@geniusmedica.com,"Genrui Biotech Inc
6F SHAN SHUI Building B","Nanshan Yungu Innovation Industrial
Park,
1183 Liuxian Blvd, Nanshan, Shenzhen, China",,,,
,,LABJENIKS RGT & MACHINES,All Supplier Groups,Company,FRANCE,NGN,,,,,,,,,,,,
,,LASANY,All Supplier Groups,Company,FRANCE,USD,http://www.lasany.org,,Mr. Harsh ,0091-91-9357547917,,sales@lasany.org,"479, Sector-17, Panchkula (Chandigarh) -134109, Haryana (INDIA)",,,,,
,,LASSANY,All Supplier Groups,Company,FRANCE,USD,,,LASSANY,,,,Address Address,USA,,,,
,,LEMFIELD MEDICAL ,All Supplier Groups,Company,FRANCE,NGN,,,LEMFIELD MEDICAL ,,,,Address Address,ENGLANG,,,,
,,LMB DONO PACK BAG,All Supplier Groups,Company,FRANCE,NGN,,,,,,,,,,,,
,,Lmb Technologie GmbH,All Supplier Groups,Company,FRANCE,NGN,www.lmb.de,,Elcin Arslan,Tel: +49-8122-88096-0,Fax: +49-8122-88096-60,Elcin.Arslan@lmb.de,"Möslstraße
17, D-85445 Schwaig",,schwaig,,,
,,LONZA SALES LTD,All Supplier Groups,Company,FRANCE,EUR,http://www.lonza.com,,Margaret Banise (sales support),+ 44 1189 775061,+44 1753 777001,margaret.baines@lonza.com,Muenchensteinerstrasse 38,Basel,4002,,,
,,Ltd.,All Supplier Groups,Company,FRANCE,NGN,,,,,,,,,,,,
,,"LumiQuick Diagnostics, Inc.",All Supplier Groups,Company,FRANCE,USD,http://www.lumiquick.com/,,Amy Zhang,   86-18950169137,            86-592-3965103,Amy Zhang <azhang@lumiquick.net>,"LumiQuick Diagnostics, Inc.","2946 Scott Blvd, Santa Clara, CA 95054, ",,,,
,,m,All Supplier Groups,Company,FRANCE,NGN,,,,,,,,,,,,
,,MALARIA KIT,All Supplier Groups,Company,FRANCE,NGN,,,,,,,,,,,,
,,MARUF,All Supplier Groups,Company,FRANCE,NGN,,,MARUF,8133615231,,,"AREA 2,",GARKI,Abuja,FCT,,
,,MEDAX,All Supplier Groups,Company,FRANCE,NGN,,,MEDAX,,,,AUSTRIA,AUSTRIA,,,,
,,Medax Medical Devices,All Supplier Groups,Company,FRANCE,EUR,www.medax.it,,"Irene Baraldi
Manmohanjit Singh",3905351812757,+39 05351812744,"customercare@medax.it
sales@medax.it","Operations Office: Via S. Pertini 4 –
41039",San Possidonio (MO) Italy,,,,
,,Medica Corporation,All Supplier Groups,Company,FRANCE,USD,,,Mr. Hande Lougee,,,hlougee@Medicacorp.com,Medica Corporation,5 Oak Park Drive,"Bedford, MA 01730, USA",,,
,,MEDICOM LABORATORY NIGERIA LTD JOS,All Supplier Groups,Company,FRANCE,NGN,,,MEDICOM LABORATORY NIGERIA LTD,,,info@medicomlab.com,"No. 22 Murtala Mohammed Way, Opposite FCMB",NO.22 MURTALA MOHAMMED WAY,JOS,PLATEAU,,
,,MEDIGATE,All Supplier Groups,Company,FRANCE,USD,,,MEDIGATE,,,ken@medigate.bz,Address Address,KOREA,,,,
,,MEMMERT,All Supplier Groups,Company,FRANCE,NGN,,,MEMMERT,,,,GERMANY,GERMANY,,,,
,,MERCK PHARMACEUTICALS AND LIFE SCIENCE LTD.,All Supplier Groups,Company,FRANCE,NGN,http://www.merckmillipore.com/,,Kingsley Udoakpan,+234 809 045 7128 ,+234 908 440 8811 - 3,mailto:kingsley.udoakpan@merckgroup.com,1st Floor Church Gate Tower 1,Plot PC 30 Church Gate Street,"Victoria Island, Lagos | Nigeria",,,
,,METER TECH,All Supplier Groups,Company,FRANCE,NGN,,,METER TECH,,,,Address Address,-,,,,
,,MICRO,All Supplier Groups,Company,FRANCE,NGN,,,MICRO,,,n.said@micros.at,Hunnenbrunn Gewerbe Zone 5,,,,,
,,MICROS Produktions- und Handelsges.m.b.H.,All Supplier Groups,Company,FRANCE,EUR,,,Asya Diaa,+43 4212 30901,,a.diaa@micros.at,"Hunnenbrunn - Gewerbezone 5, 9300 St. Veit/Glan, AUSTRIA "," FN75375x, Court of Jurisdiction HG  Vienna",,,,
,,mindary,All Supplier Groups,Company,FRANCE,NGN,,,,,,,,,,,,
,,Mindray,All Supplier Groups,Company,FRANCE,USD,www.mindray.com,,Hunter Liu/Spencer,+86 755 81886671,+86 755 26582680,"hunter.liu@mindray.com
spencer.ybzhong@mindray.com","Shenzhen Mindray Bio-Medical
Electronics co., Ltd.",,,,,
,,MOSES PLUMBER,All Supplier Groups,Company,FRANCE,NGN,,,MOSES PLUMBER,8076117582,,,"MADALA,",ABUJA.,Abuja,FCT,,
,,MP Biomedicals Germany GmbH,All Supplier Groups,Company,FRANCE,USD,www.mpbio.com,,Patience Merker,+49 5651 921 186,+49 5651 921 181,patience.merker@mpbio.com,"Thüringer Straße 15
37269 ","Eschwege
GERMANY",,,,
,,NASSTECH ALUMINIUM COMPANY LIMITED,All Supplier Groups,Company,FRANCE,NGN,,,Nasir williams,7035146795,,nasstechaluminium@gmail.com,"Chinedu Plaza,Aluminium village","Kaduna Road, Along Lokoja Expressway ",Suleja,Niger,,
,,NICHIRYO LE,All Supplier Groups,Company,FRANCE,NGN,,,NICHIRYO LE,,,,Address Address,JAPAN,,,,
,,NICHIRYO PIPETTE,All Supplier Groups,Company,FRANCE,NGN,,,,,,,,,,,,
,,Nuve,All Supplier Groups,Company,FRANCE,USD,www.nuve.com.tr,,Tolga Vural,+90 312 399 28 30 (PBX),+90 312 399 21 97,tolgavural@nuve.com.tr,"
Saracalar Mah. Saracalar Kümeevleri ","No: 4/2 Akyurt 06750 ANKARA / TURKEY
(Esenbo a Yolu 22. km)",,ANKARA,,
,,OMEDS SURGICALS,All Supplier Groups,Company,FRANCE,NGN,,,OMEDS,"08091313173, 08033117987",,,"Theodak plaza, first floor opp. National Hospital.",Central Area,Abuja,,,
,,OPTIKA S.R.L,All Supplier Groups,Company,FRANCE,EUR,http://www.optikamicroscopes.com/,,YAYA SOW,+39.035.571.392  ,  +39.035.571.435,yaya.sow@optikamicroscopes.com,"Via Rigla,ITALY ",30 - 24010 Ponteranica (BG),,,,
,,OPTIMA INC,All Supplier Groups,Company,FRANCE,NGN,http://www.optimajp.com,,OPTIMA INC,+81-3-5375-2351,+81-3-5375-2360,optima@optimajp.com,Rogie Bldg. 5F 1-48-11   Itabashi,"Itabashiku, Tokyo 173-0004",,,,
,,ORB Electronic Scale,All Supplier Groups,Company,FRANCE,NGN,,,,,,,,,,,,
,,Orphee SA,All Supplier Groups,Company,FRANCE,EUR,www.orphee-medical.com,,Filip Ławnicki,"+48 22 751 79 10 (Ext.123)
",+48 661 559 145,filip.lawnicki@cormay.pl,"19, CH.DU champ des filles
1228 Plan –Les-Ouates",,,"Geneva
",,
,,parts),All Supplier Groups,Company,FRANCE,NGN,,,,,,,,,,,,
,,PHOENIX MEDICAL SYSTEMS,All Supplier Groups,Company,FRANCE,NGN,www.phoenixmedicalsystems.com,,PHOENIX MEDICAL SYSTEM,+91 44 2225 1177 / 1178 / 0248 ,+91 44 22250194 ,sashi@pmsind.com,"32/4, Jawaharlal Nehru Salai, Ekkattuthangal",Chennai - 600 032,,,,
,,PIMA ANALYZER,All Supplier Groups,Company,FRANCE,NGN,,,,,,,,,,,,
,,PIONEER SCIENTIFIC LLC,All Supplier Groups,Company,FRANCE,USD,http://www.pioneerscientific.com/,,JAMES MALIAKAL,1-508-969-1322,1-508-752-6545,CustomerService@pioneerscientific.com <customerservice@pioneerscientific.com>,40 NOUVELLA WAY,"NATRICK,",MA 01760,,,
,,Printer Company,All Supplier Groups,Company,FRANCE,NGN,,,,,,,,,,,,
,,Proscientific Inc.,All Supplier Groups,Company,FRANCE,USD,http://www.proscientific.com/,,Brian Archibald,203 267 4600,203 267 4606,brian.archibald@proscientific.com,PRO Scientific Inc.,99 Willenbrock Road,"Oxford,  CT 06478",,,
,,Ratiolab GmbH ,All Supplier Groups,Company,FRANCE,EUR,http://www.ratiolab.com/,,Thomas Weiland,+49 (0)151 62506144,+49 (0)6103 30025-55,Thomas.Weiland@ratiolab.com,Am Siebenstein 12 ,D-63303 Dreieich ,,,,
,,"Rayto Life and Analytical Sciences Co.,Ltd",All Supplier Groups,Company,FRANCE,USD,http://www.rayto.com/,,Lei Xing,0086 755 88832350 ,0086 755 86168796, l.xing@rayto.com ,"Rayto Industrial Building, Shuangming Blvd South, East Hi-Tech Park, ","Guangming New District, ","518107 Shenzhen, ",,,
,,R-BIOPHARM AG,All Supplier Groups,Company,FRANCE,EUR,www.r-biopharm.com,,Monika Froehlich,+ 49 6151- 8102-0,+ 49 6151- 8102-20/40,,"An der neuen Bergstraße 17, D-64297 Darmstadt",Sitz: Pfungstadt,,,,
,,RENDER HEALTH TECHNOLOGY LTD,All Supplier Groups,Company,FRANCE,NGN,,,RENDER HEALTH TECHNOLOGY LTD,,,info@renderhealth.com,Address Address,TANGJIAWAN ZHUHAI 519085,,,,
,,RIJUVEN CORPORATION,All Supplier Groups,Company,FRANCE,USD,,,Sir Joe Madu,+1 4698671149,,sirjoe madu <sirjoemadu@gmail.com>,"WEXFORD TOWN CENTER,","10475 PERRY HIGHWAY,",SUITE 104 WEXFORD,PA 15O9O,,
,,Robinson Healthcare Limited,All Supplier Groups,Company,FRANCE,GBP,Web: www.robinsonhealthcare.com,,Stephen Jones(International buisness Director),+44 (0)1909 735000(customer service),,Stephen Jones <Stephen.Jones@robinsonhealthcare.com>,Robinson Healthcare Limited,Lawn Road,Carlton-in-LindrickWorksop,,,
,,Sam Njoku & Co.,All Supplier Groups,Company,FRANCE,NGN,,,"The Managing Director, Bosch Medical Engineering Ltd",,,,"22 Otukpo street, Area 11",,Garki ,FCT,,
,,SEBIA,All Supplier Groups,Company,FRANCE,EUR,,,Guillaume FRANC,+33 1 69 89 80 80,,,27 rue Léonard de Vinci Parc Technologique Léonard de Vinci,CP 8010 Lisses - 91008 EVRY Cedex,FRANCE,FRANCE,,
,,SERBIA,All Supplier Groups,Company,FRANCE,NGN,,,,,,,,,,,,
,,"Shanghai ZJ Bio-tech Co., Ltd",All Supplier Groups,Company,FRANCE,USD,http://www.liferiverbiotech.com/,,Linda Zhao,Mobile: +86 13916420850,,mailto:linda@liferiver.com.cn,"No.26 Building, No.588 Xinjunhuan Road, ",,Shanghai,,,
,,Shenzhen Dymind Biotechnology Co.Ltd.,All Supplier Groups,Company,FRANCE,USD,http://www.dymind.com/,,Laffier,+86-0755-26008015 ,+86-0755-26746162,laffier@dymind.com,"2/F, Nanfeng Building B, Nanshan Yungu Innovation Industrial Park,No.1183","Liuxian Blvd, Taoyuan Street, Nanshan District,",Shenzhen 518055 P.R.China,,,
,,SHERWOOD SCIENTIFIC LIMITED,All Supplier Groups,Company,FRANCE,NGN,http://www.sherwoodscientific.com,,SHERWOOD SCIENTIFIC LIMITED,+44 1223 243444,+44 1223 243300,enquiries@sherwood-scientific.com,"1 The Paddocks, Cherry Hinton Road",Cambridge - CB1 8DH,,,,
,,SIGHT DIAGNOSTICS LTD,All Supplier Groups,Company,FRANCE,USD,www.sightdx.com,,Itamar Ayali,972525412773,+972 3 5418586,hagai@sightdx.com,Derech Menachem Begin 48,,Tel Aviv,,,
,,Sigma Laborzentrifugen GmbH,All Supplier Groups,Company,FRANCE,EUR,www.sigma-zentrifugen.de,,i. A. Silke Rakebrandt( Internal Sales),+ 49 (0) 5522 5007-8214,+ 49 (0) 5522 5007-8214,s.rakebrandt@sigma-zentrifugen.de,Sigma Laborzentrifugen GmbH ,"An der Unteren Söse 50 37520 Osterode, ",,,,
,,Simens healthcare LLC,All Supplier Groups,Company,FRANCE,USD,,,Ahmed Raees Arakkal,Phone: +9714 3660206-,,E-mail: ahmedraees.arakkal@siemens-healthineers.com,"Building 71,",Dubai Healthcare city.,P.O.Box 125936.,,,
,,SKYLA (LITE ON TECHNOLOGY CORP),All Supplier Groups,Company,FRANCE,USD,http://www.skyla.com/,,Andy Tsoa,|+888-3-612-1288 ext.5858,+886-3--579-5393,Andy.Tsao@skyla.com,"8, Dusing Road,Hsinchu Science Park, "," Hsinchu 30078,",,,,
,,Slamed GmbH,All Supplier Groups,Company,FRANCE,NGN,www.ratiolab.com,,,0049/6103/30025-0,FAX: 0049/6103/30025-66,slamed@ratiolab.com,"Am Siebenstein 6-10
D-63303 Dreieich-Buchschlag",,,,,
,,SLEE medical GmbH,All Supplier Groups,Company,FRANCE,EUR,www.slee.de,,Maged Benjamin,+30 698 1105 202, +30 210 4830942,m.benjamin@slee.de,"Lise-Meitner-Str. 11
D-55129 Mainz",,,,,
,,SOUNDSYSTEM GLOBAL VENTURES,All Supplier Groups,Company,FRANCE,NGN,,,HENRY .B NATHAN,8152770023,,soundsystem42@yahoo.com,Adepele Street,Ikeja,,Lagos,,
,,"SunShine Medical Equipment Co., Ltd.",All Supplier Groups,Company,FRANCE,USD,,,Eva,+86 15850644003,86 25 52157547,evamedical@gmail.com,"Flat C9/F WINNING HOUSE 72-74 
WING LOK STREET",SHEUNG WAN,,HONG KONG,,
,,SURGIMAX LIMITED,All Supplier Groups,Company,FRANCE,GBP,WWW.SURGIMAX.CO.UK,,SHAHBAZ AHMED,"+44(0)7450269792, +44(0)1613022744",,sales@surgimax.co.uk,"UNIT 108 IVY MILL BUISNESS CENTER,","FAILS WORTH,","MANCHESTER,",,,
,,Syngene Middle East  – MESLO Group,All Supplier Groups,Company,FRANCE,GBP,http://www.syngene.com/,,Maria Yiapana,+357 22 660423,+357 22 660424,sales@syngeneme.com,"40-42 Vyzantiou Street, ","Suite 103, Strovolos, 2064, ","Nicosia,",,,
,,THERMOFISHER SCIENTIFIC(life science solutions),All Supplier Groups,Company,FRANCE,USD,,,Cheval Herve , +33(0)2.28.03.20.86 ,,herve.cheval@thermofisher.com,"10, rue Duguay Trouin | 44807 Saint-Herblain cédex",,,,,
,,TITAN TECHNOLOGIES NIG LTD,All Supplier Groups,Company,FRANCE,NGN,,,AUGUSTINE,8055118850,,titan_technologies@yahoo.com,BLOCK A SUITE 23 FLOOR 2PRIMAL-TEK PLAZA.,SHASHA ROAD AKOWONJO,VICTORIA ISLAND,Lagos,,
,,Union Diagnostics and Clinical Services PLC,All Supplier Groups,Company,FRANCE,NGN,,,KEHINDE SURAJ,8034699948,,kehinde.suraj@gmail.com,"5 Eletu Ogabi Street, Victoria Island, ",,,Lagos,,
,,US DOD,All Supplier Groups,Company,FRANCE,NGN,,,US DOD,8032658433,,,"7 Usuma Street,Maitama Abuja","7 Usuma Street,Maitama Abuja",FCT,Abuja,,
,,VEDALAB,All Supplier Groups,Company,FRANCE,NGN,www.wanadoo.fr,,Brigitte,Tel: +33 233 275 625,FAX: Tel: +33 233 275 625,veda.lab@wanadoo.fr,"
Rue de l’Expansion, ZAT du Londeau
–CERISÉ","BP 181 – 61006 ALENÇON, CEDEX–
France.",,,,
,,VEDA-LAB,All Supplier Groups,Company,FRANCE,EUR,www.wanadoo.fr,,Christine,Tel : (33) 2 33 27 56 25,Fax : (33) 2 33 27 70 60 ,veda.lab@wanadoo.fr,"Rue de l’Expansion, ZAT du
Londeau","CERISE, B.P. 181, 61006
 Alencon Cedex",,,,
,,Vincent Taminabo,All Supplier Groups,Company,FRANCE,NGN,,,Vincent Taminabo,8103036587,,,Gadua District ,,,Abuja,,
,,Vitro Scient,All Supplier Groups,Company,FRANCE,NGN,www.vitroscient.com,,Vitro Scient,20226218944,,info@vitroscient.com,19 Dr. Ahmed ZAky St,El Nozha El Gedida Heliopolis,Cairo,,,
,,WEIGO,All Supplier Groups,Company,FRANCE,USD,http://www.weigaogroup.com/,,SIMON,0086 631 5660969 ,0086 631 ,simonyu999@163.com,"NO.1 WEIGAO ROAD,HI-TECH ZONE","Weihai , ",Shandong,,,
,,"WISCONSIN ALUMINUM FOUNDRY CO., INC.				",All Supplier Groups,Company,FRANCE,USD,customerrelations@wafco.com,,Jeanne Hougen,+1920-686-2729		,+1 920-682-4090 ,"jhougen@wafco.com, ",1931 South 14th Street		,"Manitowoc, WI  54220		",,,,
,,Wolf Laboratories Limited ,All Supplier Groups,Company,FRANCE,EUR,http://www.wolflabs.co.uk/,,Alyson Waite,01759 301142 Ext. 208,01759 301143 , alyson.waite@wolflabs.co.uk ,"Wolf Laboratories Limited, "," Colenso House,, ","1 Deans Lane, Pocklington",,,
,,YAMATO SCIENTIFIC CO.LTD,All Supplier Groups,Company,FRANCE,NGN,,,Cem Sirel,81-3-5639-7076   ,8 l-3-5639-6034,cemsirel@yamato-net.co.jp,"Haseman  Bldg. 6F, 2-11-6, Tomioka","Koto-ku,  Tokyo  135-0047,  JAPAN ",,,,
,,YUSUF,All Supplier Groups,Company,FRANCE,NGN,,,YUSUF,8066218343,,,MARABA,,Abuja,,,
,,,,,FRANCE,,,,,,,,,,,,,
,,,,,FRANCE,,,,,,,,,,,,,
,,,,,FRANCE,,,,,,,,,,,,,
,,,,,FRANCE,,,,,,,,,,,,,
,,,,,FRANCE,,,,,,,,,,,,,
,,,,,FRANCE,,,,,,,,,,,,,
,,,,,FRANCE,,,,,,,,,,,,,
,,,,,FRANCE,,,,,,,,,,,,,
,,,,,FRANCE,,,,,,,,,,,,,
,,,,,FRANCE,,,,,,,,,,,,,
,,,,,FRANCE,,,,,,,,,,,,,
,,,,,FRANCE,,,,,,,,,,,,,
,,,,,FRANCE,,,,,,,,,,,,,
,,,,,FRANCE,,,,,,,,,,,,,
,,,,,FRANCE,,,,,,,,,,,,,
,,,,,FRANCE,,,,,,,,,,,,,
,,,,,FRANCE,,,,,,,,,,,,,
,,,,,FRANCE,,,,,,,,,,,,,
,,,,,FRANCE,,,,,,,,,,,,,
,,,,,FRANCE,,,,,,,,,,,,,
,,,,,FRANCE,,,,,,,,,,,,,
,,,,,FRANCE,,,,,,,,,,,,,
,,,,,FRANCE,,,,,,,,,,,,,
,,,,,FRANCE,,,,,,,,,,,,,
,,,,,FRANCE,,,,,,,,,,,,,
,,,,,FRANCE,,,,,,,,,,,,,
,,,,,FRANCE,,,,,,,,,,,,,
,,,,,FRANCE,,,,,,,,,,,,,
,,,,,FRANCE,,,,,,,,,,,,,
,,,,,FRANCE,,,,,,,,,,,,,
